{"training_loss": 0, "training_acc": 0, "validation_loss": 15.284112453460693, "validation_acc": 15.5, "_timestamp": 1689122431.0522041, "_runtime": 65.22331213951111, "_step": 0, "_wandb": {"runtime": 179}}