{"training_loss": 0.01326546423137188, "training_acc": 99.592, "validation_loss": 2.2606945037841797, "validation_acc": 73.28, "_timestamp": 1682384776.032659, "_runtime": 2071.014922142029, "_step": 199, "_wandb": {"runtime": 2070}}