{"training_loss": 0.1968028600949346, "training_acc": 92.97999999999999, "validation_loss": 2.046588476296443, "validation_acc": 56.32, "_timestamp": 1682150730.6844392, "_runtime": 300.2975811958313, "_step": 10, "_wandb": {"runtime": 315}}