{"training_loss": 0, "training_acc": 0, "validation_loss": 2.0944663882255554, "validation_acc": 39.06, "_timestamp": 1689122657.993263, "_runtime": 80.92568302154541, "_step": 0, "_wandb": {"runtime": 381}}