{"training_loss": 0.008341037038480863, "training_acc": 99.72, "validation_loss": 2.0096545219421387, "validation_acc": 72.28, "_timestamp": 1682394932.2714179, "_runtime": 4014.9967148303986, "_step": 199, "_wandb": {"runtime": 4014}}