{"training_loss": 0.011237460510158335, "training_acc": 99.67, "validation_loss": 1.9054741616461688, "validation_acc": 76.85, "_timestamp": 1682193238.802553, "_runtime": 6137.061488866806, "_step": 199, "_wandb": {"runtime": 6137}}