{"training_loss": 0, "training_acc": 0, "validation_loss": 2.302175760269165, "validation_acc": 12.25, "_timestamp": 1683683416.0867503, "_runtime": 8.716337203979492, "_step": 0, "_wandb": {"runtime": 16}}