{"training_loss": 0.17691771686077118, "training_acc": 91.46, "validation_loss": 0.564164503516469, "validation_acc": 90.84, "_timestamp": 1689141446.9259672, "_runtime": 18159.30559515953, "_step": 52}