{"training_loss": 0.2344122976064682, "training_acc": 89.76, "validation_loss": 0.48204973741481577, "validation_acc": 91.16, "_timestamp": 1689135487.449752, "_runtime": 12199.8293800354, "_step": 35}