{"training_loss": 0.0052460707613244785, "training_acc": 99.834, "validation_loss": 1.9376173604066205, "validation_acc": 78.2, "_timestamp": 1682259744.0699875, "_runtime": 6031.687209606171, "_step": 199, "_wandb": {"runtime": 6032}}