{"training_loss": 0, "training_acc": 0, "validation_loss": 6.961032390594482, "validation_acc": 21.0, "_timestamp": 1689120613.5670688, "_runtime": 73.4426999092102, "_step": 0, "_wandb": {"runtime": 125}}